,lesion,malaise,lethargy,acute episodes,bleeding from anus,dehydration,leaking of urine,mental confusion,sadness,grinding teeth,self-neglect,bad taste in mouth,hallucinations,diogenes syndrome,choking,shaking,watery eyes,thick saliva,metallic taste in mouth,bloating,tenderness to touch,fits of rage,pain when moving eyes,taste of acid in mouth,spasms,vision loss,restless,sore tongue,cloudy vision,compulsive behavior,loss of balance,nosebleed,cracks at corner of mouth,ringing in ears,tightness,low libido,change in stools,short attention span,joint instability,difficulty finding words,heaviness,bloody sputum,heartburn,spots on tonsils,hearing loss,mucus,burning urination,grooved tongue,difficulty talking,heavy menstrual bleeding,late menstrual period,bulge,early morning waking,tiredness,feeling faint,gum sores,loss of smell,belching,furry tongue,damaged teeth enamel,post nasal drip,frightening dreams,hoarse voice,inability to exercise,poor hygiene,delusions,swollen tonsils,jaundice,ear ache,sore throat,agitation,constipation,numbness,abdominal pain,nausea,back pain,chill,wheezing,drowsiness,labored breathing,fatigue,fever,diarrhea,dizziness,urinary urgency,shortness of breath,palpitation,aggression,bleeding,blurred vision,bruising,confusion,phlegm,dark urine,disorientation,drooping eyelid,dry mouth,dry skin,elbow pain,skin rash,fainting,fast heart rate,leg pain,loss of appetite,low blood pressure,nasal congestion,pelvic pain,runny nose,shoulder pain,urinary retention,vaginal discharge,easy bruising,mouth sores,dry eyes,loss of speech,cold feet,decreased appetite,swollen lymph nodes,tingling,involuntary movements,bitter almond odor on breath,rectal incontinence,bleeding gums,swollen tongue,mood swings,excessive sweating,morning stiffness,bad breath,difficulty urinating,stiff neck,cloudy urine with strong odor,hot flashes,cold hands,skin bumps,hair loss,discharge from penis,warm to touch face,sweat,distended stomach,weight loss,muscle twitch,tremor,fall,bleeding of vagina,cough,pain chest,muscle cramps,muscle pain,testicle pain,joint pain,vomiting,enlarged  pupils,painful intercourse,red  eyes,shaking hands,swollen lips,headache,red spots on the skin,swollen glands,memory loss,bulging veins,white patches on tongue,difficulty swallowing,weakness,difficulty concentrate,seizures,broken bone,missed menstrual period,increased thirst,abnormal gait,restless  legs,!lesion,!malaise,!lethargy,!acute episodes,!bleeding from anus,!dehydration,!leaking of urine,!mental confusion,!sadness,!grinding teeth,!self-neglect,!bad taste in mouth,!hallucinations,!diogenes syndrome,!choking,!shaking,!watery eyes,!thick saliva,!metallic taste in mouth,!bloating,!tenderness to touch,!fits of rage,!pain when moving eyes,!taste of acid in mouth,!spasms,!vision loss,!restless,!sore tongue,!cloudy vision,!compulsive behavior,!loss of balance,!nosebleed,!cracks at corner of mouth,!ringing in ears,!tightness,!low libido,!change in stools,!short attention span,!joint instability,!difficulty finding words,!heaviness,!bloody sputum,!heartburn,!spots on tonsils,!hearing loss,!mucus,!burning urination,!grooved tongue,!difficulty talking,!heavy menstrual bleeding,!late menstrual period,!bulge,!early morning waking,!tiredness,!feeling faint,!gum sores,!loss of smell,!belching,!furry tongue,!damaged teeth enamel,!post nasal drip,!frightening dreams,!hoarse voice,!inability to exercise,!poor hygiene,!delusions,!swollen tonsils,!jaundice,!ear ache,!sore throat,!agitation,!constipation,!numbness,!abdominal pain,!nausea,!back pain,!chill,!wheezing,!drowsiness,!labored breathing,!fatigue,!fever,!diarrhea,!dizziness,!urinary urgency,!shortness of breath,!palpitation,!aggression,!bleeding,!blurred vision,!bruising,!confusion,!phlegm,!dark urine,!disorientation,!drooping eyelid,!dry mouth,!dry skin,!elbow pain,!skin rash,!fainting,!fast heart rate,!leg pain,!loss of appetite,!low blood pressure,!nasal congestion,!pelvic pain,!runny nose,!shoulder pain,!urinary retention,!vaginal discharge,!easy bruising,!mouth sores,!dry eyes,!loss of speech,!cold feet,!decreased appetite,!swollen lymph nodes,!tingling,!involuntary movements,!bitter almond odor on breath,!rectal incontinence,!bleeding gums,!swollen tongue,!mood swings,!excessive sweating,!morning stiffness,!bad breath,!difficulty urinating,!stiff neck,!cloudy urine with strong odor,!hot flashes,!cold hands,!skin bumps,!hair loss,!discharge from penis,!warm to touch face,!sweat,!distended stomach,!weight loss,!muscle twitch,!tremor,!fall,!bleeding of vagina,!cough,!pain chest,!muscle cramps,!muscle pain,!testicle pain,!joint pain,!vomiting,!enlarged  pupils,!painful intercourse,!red  eyes,!shaking hands,!swollen lips,!headache,!red spots on the skin,!swollen glands,!memory loss,!bulging veins,!white patches on tongue,!difficulty swallowing,!weakness,!difficulty concentrate,!seizures,!broken bone,!missed menstrual period,!increased thirst,!abnormal gait,!restless  legs,Sum,Age18-35,Age35-55,Age55+,Female,Male,%-%nosebleed%-%Low%-%,%-%nosebleed%-%Medium%-%,%-%nosebleed%-%Strong%-%,%-%abdominal pain%-%Low%-%,%-%abdominal pain%-%Medium%-%,%-%abdominal pain%-%Strong%-%,%-%back pain%-%Low%-%,%-%back pain%-%Medium%-%,%-%back pain%-%Strong%-%,%-%elbow pain%-%Low%-%,%-%elbow pain%-%Medium%-%,%-%elbow pain%-%Strong%-%,%-%leg pain%-%Low%-%,%-%leg pain%-%Medium%-%,%-%leg pain%-%Strong%-%,%-%pelvic pain%-%Low%-%,%-%pelvic pain%-%Medium%-%,%-%pelvic pain%-%Strong%-%,%-%shoulder pain%-%Low%-%,%-%shoulder pain%-%Medium%-%,%-%shoulder pain%-%Strong%-%,%-%pain chest%-%Low%-%,%-%pain chest%-%Medium%-%,%-%pain chest%-%Strong%-%,%-%muscle pain%-%Low%-%,%-%muscle pain%-%Medium%-%,%-%muscle pain%-%Strong%-%,%-%testicle pain%-%Low%-%,%-%testicle pain%-%Medium%-%,%-%testicle pain%-%Strong%-%,%-%joint pain%-%Low%-%,%-%joint pain%-%Medium%-%,%-%joint pain%-%Strong%-%,%-%headache%-%Low%-%,%-%headache%-%Medium%-%,%-%headache%-%Strong%-%
addison's disease,1,1,1,1,1,1,1,1,1,1,1,1,1,1,1,1,1,1,1,1,1,1,1,1,1,1,1,1,1,1,1,1,1,1,1,1,1,1,1,1,1,1,1,1,1,1,1,1,1,1,1,1,1,598,1,1,1,1,1,1,1,1,1,1,1,1,1,1,1,1,1,1,1,1,518,1,1,1,1,1,455,1,559,1,1,1,1,1,1,1,1,1,1,1,1,1,1,1,1,1,1,1,1,399,1,1,1,1,1,1,1,1,1,1,1,1,1,1,1,1,1,1,1,1,1,1,1,1,1,1,1,1,1,1,1,1,1,1,1,736,1,1,1,1,1,1,1,1,1,1,1,1,1,1,1,1,1,1,1,1,1,1,1,490,1,1,1,1,1,1,1,999,999,999,999,999,999,999,999,999,999,999,999,999,999,999,999,999,999,999,999,999,999,999,999,999,999,999,999,999,999,999,999,999,999,999,999,999,999,999,999,999,999,999,999,999,999,999,999,999,999,999,999,999,402,999,999,999,999,999,999,999,999,999,999,999,999,999,999,999,999,999,999,999,999,482,999,999,999,999,999,545,999,441,999,999,999,999,999,999,999,999,999,999,999,999,999,999,999,999,999,999,999,999,601,999,999,999,999,999,999,999,999,999,999,999,999,999,999,999,999,999,999,999,999,999,999,999,999,999,999,999,999,999,999,999,999,999,999,999,264,999,999,999,999,999,999,999,999,999,999,999,999,999,999,999,999,999,999,999,999,999,999,999,510,999,999,999,999,999,999,999,773,108,126,539,396,377,1,1,1,1,1,1,1,1,1,1,1,1,1,1,1,1,1,1,1,1,1,1,1,1,1,1,1,1,1,1,1,1,1,1,1,1
adult adhd,1,1,1,1,1,1,1,1,1,1,1,874,1,1,1,1,1,1,1,1,1,651,1,1,1,1,486,1,491,727,784,1,1,1,1,1,1,780,1,639,1,1,1,1,1,1,1,1,1,1,1,1,1,1,1,1,1,1,1,1,1,483,1,1,1,680,1,1,1,1,796,1,1,1,1,1,1,1,1,1,490,1,1,501,1,1,1,551,1,1,1,601,1,1,1,1,1,1,1,1,657,1,1,1,1,1,1,1,1,1,1,1,1,1,1,1,774,1,1,857,849,1,1,1,835,773,1,1,1,1,1,1,1,1,1,1,1,795,1,1,1,1,1,1,1,1,1,1,1,1,1,1,1,1,1,1,1,1,1,1,1,1,1,1,686,1,1,1,488,1,1,999,999,999,999,999,999,999,999,999,999,999,126,999,999,999,999,999,999,999,999,999,349,999,999,999,999,514,999,509,273,216,999,999,999,999,999,999,220,999,361,999,999,999,999,999,999,999,999,999,999,999,999,999,999,999,999,999,999,999,999,999,517,999,999,999,320,999,999,999,999,204,999,999,999,999,999,999,999,999,999,510,999,999,499,999,999,999,449,999,999,999,399,999,999,999,999,999,999,999,999,343,999,999,999,999,999,999,999,999,999,999,999,999,999,999,999,226,999,999,143,151,999,999,999,165,227,999,999,999,999,999,999,999,999,999,999,999,205,999,999,999,999,999,999,999,999,999,999,999,999,999,999,999,999,999,999,999,999,999,999,999,999,999,999,314,999,999,999,512,999,999,882,101,92,689,311,571,1,1,1,1,1,1,1,1,1,1,1,1,1,1,1,1,1,1,1,1,1,1,1,1,1,1,1,1,1,1,1,1,1,1,1,1
alzheimer's disease,1,1,878,1,1,1,657,625,544,1,531,767,788,479,1,852,1,1,1,1,1,699,1,1,1,1,583,1,1,673,692,1,1,1,1,1,1,595,1,754,1,1,1,1,673,1,1,1,444,1,1,1,580,1,704,1,799,1,1,1,1,841,1,1,844,521,1,1,1,1,876,1,585,1,844,486,503,1,842,1,674,729,671,479,555,1,849,809,592,874,532,583,1,1,630,699,446,497,1,1,601,1,474,1,536,1,1,1,1,1,1,1,1,476,773,1,488,1,724,494,1,718,1,1,667,1,1,1,1,1,1,484,1,1,478,533,1,836,1,472,751,806,816,1,855,1,1,1,1,541,495,825,1,1,1,1,818,1,1,856,1,1,1,635,764,514,691,1,1,869,1,999,999,122,999,999,999,343,375,456,999,469,233,212,521,999,148,999,999,999,999,999,301,999,999,999,999,417,999,999,327,308,999,999,999,999,999,999,405,999,246,999,999,999,999,327,999,999,999,556,999,999,999,420,999,296,999,201,999,999,999,999,159,999,999,156,479,999,999,999,999,124,999,415,999,156,514,497,999,158,999,326,271,329,521,445,999,151,191,408,126,468,417,999,999,370,301,554,503,999,999,399,999,526,999,464,999,999,999,999,999,999,999,999,524,227,999,512,999,276,506,999,282,999,999,333,999,999,999,999,999,999,516,999,999,522,467,999,164,999,528,249,194,184,999,145,999,999,999,999,459,505,175,999,999,999,999,182,999,999,144,999,999,999,365,236,486,309,999,999,131,999,885,138,232,515,375,510,1,1,1,1,1,1,110,143,233,1,1,1,173,110,191,1,1,1,1,1,1,1,1,1,1,1,1,1,1,1,213,96,232,254,192,372
anal cancer,1,1,1,1,1,1,1,1,1,1,1,1,1,1,1,1,1,1,1,1,1,1,1,1,494,1,1,1,1,1,1,1,1,1,1,1,772,1,1,1,1,1,1,1,1,1,1,1,1,1,1,1,1,1,1,1,1,1,1,1,1,1,1,1,1,1,1,1,1,1,1,805,786,1,1,821,1,1,1,1,817,1,489,678,1,1,1,1,1,1,1,1,1,1,1,1,1,1,1,1,1,1,1,1,1,1,671,1,1,1,1,1,1,1,1,1,1,1,763,1,1,832,1,1,1,1,1,1,1,1,1,1,1,1,1,1,1,1,1,1,1,1,1,1,1,1,654,1,1,1,1,1,1,1,1,1,1,1,1,1,1,1,1,1,1,1,1,1,781,1,1,999,999,999,999,999,999,999,999,999,999,999,999,999,999,999,999,999,999,999,999,999,999,999,999,506,999,999,999,999,999,999,999,999,999,999,999,228,999,999,999,999,999,999,999,999,999,999,999,999,999,999,999,999,999,999,999,999,999,999,999,999,999,999,999,999,999,999,999,999,999,999,195,214,999,999,179,999,999,999,999,183,999,511,322,999,999,999,999,999,999,999,999,999,999,999,999,999,999,999,999,999,999,999,999,999,999,329,999,999,999,999,999,999,999,999,999,999,999,237,999,999,168,999,999,999,999,999,999,999,999,999,999,999,999,999,999,999,999,999,999,999,999,999,999,999,999,346,999,999,999,999,999,999,999,999,999,999,999,999,999,999,999,999,999,999,999,999,999,219,999,999,881,247,214,420,371,510,1,1,1,1,1,1,95,136,590,1,1,1,1,1,1,208,128,335,1,1,1,1,1,1,1,1,1,1,1,1,1,1,1,1,1,1
asthma,1,606,741,684,1,1,1,1,695,850,1,498,1,1,667,821,594,577,1,740,1,1,594,710,731,1,1,734,569,1,1,933,1,1,653,1,845,619,1,1,755,1,630,1,1,1,1,587,654,1,922,660,1,929,815,519,1,579,1,892,580,1,889,480,1,1,651,1,547,559,1,1,525,1,630,834,801,546,1,572,907,892,496,789,1,729,711,1,878,785,675,1,663,1,1,1,938,1,1,694,534,691,1,642,1,599,1,868,1,1,1,731,934,527,632,661,932,1,906,1,691,1,1,532,1,771,1,938,904,898,766,691,814,1,1,1,1,757,1,844,1,1,1,1,900,890,727,1,1,1,733,1,1,515,492,1,696,584,900,1,866,1,757,629,1,552,1,1,829,1,1,999,394,259,316,999,999,999,999,305,150,999,502,999,999,333,179,406,423,999,260,999,999,406,290,269,999,999,266,431,999,999,67,999,999,347,999,155,381,999,999,245,999,370,999,999,999,999,413,346,999,78,340,999,71,185,481,999,421,999,108,420,999,111,520,999,999,349,999,453,441,999,999,475,999,370,166,199,454,999,428,93,108,504,211,999,271,289,999,122,215,325,999,337,999,999,999,62,999,999,306,466,309,999,358,999,401,999,132,999,999,999,269,66,473,368,339,68,999,94,999,309,999,999,468,999,229,999,62,96,102,234,309,186,999,999,999,999,243,999,156,999,999,999,999,100,110,273,999,999,999,267,999,999,485,508,999,304,416,100,999,134,999,243,371,999,448,999,999,171,999,999,948,102,102,744,595,353,221,209,503,1,1,1,153,118,563,1,1,1,1,1,1,1,1,1,1,1,1,130,130,630,1,1,1,1,1,1,1,1,1,88,175,433
atopic dermatitis,744,1,1,418,1,1,1,1,618,1,1,1,1,1,1,1,1,1,1,1,1,1,1,1,1,1,1,1,1,1,1,1,1,1,1,1,1,1,1,1,1,1,1,1,1,1,1,1,1,1,1,1,1,1,1,1,1,1,1,1,1,1,1,1,1,1,1,1,1,645,1,1,1,1,1,523,479,1,1,1,1,1,1,1,1,1,1,1,1,1,1,1,1,1,1,1,1,648,1,625,1,1,1,1,1,1,1,1,1,1,1,1,1,553,1,1,1,1,1,1,1,1,1,1,1,1,1,1,1,1,1,1,1,641,1,1,1,1,1,1,1,1,1,1,690,1,1,1,1,1,1,1,1,1,1,1,655,716,1,1,1,1,1,1,1,1,1,1,1,1,1,256,999,999,582,999,999,999,999,382,999,999,999,999,999,999,999,999,999,999,999,999,999,999,999,999,999,999,999,999,999,999,999,999,999,999,999,999,999,999,999,999,999,999,999,999,999,999,999,999,999,999,999,999,999,999,999,999,999,999,999,999,999,999,999,999,999,999,999,999,355,999,999,999,999,999,477,521,999,999,999,999,999,999,999,999,999,999,999,999,999,999,999,999,999,999,999,999,352,999,375,999,999,999,999,999,999,999,999,999,999,999,999,999,447,999,999,999,999,999,999,999,999,999,999,999,999,999,999,999,999,999,999,999,359,999,999,999,999,999,999,999,999,999,999,310,999,999,999,999,999,999,999,999,999,999,999,345,284,999,999,999,999,999,999,999,999,999,999,999,999,999,784,171,209,404,454,330,1,1,1,1,1,1,100,110,313,1,1,1,1,1,1,1,1,1,1,1,1,1,1,1,1,1,1,1,1,1,1,1,1,126,97,432
bile duct cancer,1,1,1,1,1,1,1,1,1,1,1,1,1,1,1,1,1,1,1,1,1,1,1,1,1,1,1,1,1,1,1,1,1,1,1,1,1,1,1,1,1,1,1,1,1,1,1,1,1,1,1,1,1,1,1,1,1,1,1,1,1,1,1,1,1,1,1,541,1,1,1,1,1,639,1,1,1,1,1,1,1,502,1,1,1,1,1,1,1,1,1,1,1,1,1,1,1,1,1,1,1,1,1,1,1,1,1,1,1,1,1,1,1,1,1,1,1,1,1,1,1,1,1,1,1,1,1,1,1,1,1,1,1,1,1,1,1,1,1,413,1,1,1,1,1,1,1,1,1,1,1,1,1,1,1,1,1,1,1,1,1,1,1,1,1,1,1,1,1,1,1,999,999,999,999,999,999,999,999,999,999,999,999,999,999,999,999,999,999,999,999,999,999,999,999,999,999,999,999,999,999,999,999,999,999,999,999,999,999,999,999,999,999,999,999,999,999,999,999,999,999,999,999,999,999,999,999,999,999,999,999,999,999,999,999,999,999,999,459,999,999,999,999,999,361,999,999,999,999,999,999,999,498,999,999,999,999,999,999,999,999,999,999,999,999,999,999,999,999,999,999,999,999,999,999,999,999,999,999,999,999,999,999,999,999,999,999,999,999,999,999,999,999,999,999,999,999,999,999,999,999,999,999,999,999,999,999,999,999,999,587,999,999,999,999,999,999,999,999,999,999,999,999,999,999,999,999,999,999,999,999,999,999,999,999,999,999,999,999,999,999,999,758,223,106,429,380,378,1,1,1,129,74,436,1,1,1,1,1,1,1,1,1,1,1,1,1,1,1,1,1,1,1,1,1,1,1,1,1,1,1,1,1,1
bird flu,1,1,1,1,1,1,1,1,1,1,1,1,1,1,1,1,1,1,1,1,1,1,1,1,1,1,1,1,1,1,1,1,1,1,1,1,1,1,1,1,1,1,1,1,1,1,1,1,1,1,1,1,1,1,1,1,1,1,1,1,1,1,1,1,1,1,1,1,1,558,1,1,1,1,760,1,1,1,1,1,1,607,740,1,1,1,1,1,1,1,1,1,1,1,1,1,1,1,1,1,1,1,1,1,1,1,1,1,1,1,1,1,1,1,1,1,1,1,1,1,1,1,1,1,1,1,1,1,1,1,1,1,1,1,1,1,1,1,1,1,1,1,1,1,699,1,1,1,1,1,545,1,1,1,1,1,1,1,1,1,1,1,1,1,1,1,1,1,1,1,1,999,999,999,999,999,999,999,999,999,999,999,999,999,999,999,999,999,999,999,999,999,999,999,999,999,999,999,999,999,999,999,999,999,999,999,999,999,999,999,999,999,999,999,999,999,999,999,999,999,999,999,999,999,999,999,999,999,999,999,999,999,999,999,999,999,999,999,999,999,442,999,999,999,999,240,999,999,999,999,999,999,393,260,999,999,999,999,999,999,999,999,999,999,999,999,999,999,999,999,999,999,999,999,999,999,999,999,999,999,999,999,999,999,999,999,999,999,999,999,999,999,999,999,999,999,999,999,999,999,999,999,999,999,999,999,999,999,999,999,999,999,999,999,999,301,999,999,999,999,999,455,999,999,999,999,999,999,999,999,999,999,999,999,999,999,999,999,999,999,999,999,865,257,201,407,456,409,1,1,1,1,1,1,1,1,1,1,1,1,1,1,1,1,1,1,1,1,1,1,1,1,1,1,1,1,1,1,1,1,1,1,1,1
bladder cancer,1,1,567,1,1,1,1,1,1,1,1,1,1,1,1,1,1,1,1,633,1,1,1,1,1,1,1,1,1,1,1,1,1,1,1,1,1,1,1,1,1,467,643,1,1,1,1,1,1,521,1,1,1,1,1,1,1,926,1,1,1,1,1,1,1,1,1,1,1,1,1,1,761,734,1,629,1,1,1,1,810,693,1,1,646,1,1,1,758,1,1,1,1,517,1,1,1,1,1,1,1,1,1,1,608,1,860,1,1,840,803,1,666,1,1,1,1,1,538,1,1,1,1,1,1,1,1,1,1,1,796,1,1,1,1,1,1,1,1,1,1,1,1,791,1,1,1,1,913,1,1,1,624,1,1,1,1,1,796,1,1,1,1,897,1,1,475,882,763,1,1,999,999,433,999,999,999,999,999,999,999,999,999,999,999,999,999,999,999,999,367,999,999,999,999,999,999,999,999,999,999,999,999,999,999,999,999,999,999,999,999,999,533,357,999,999,999,999,999,999,479,999,999,999,999,999,999,999,74,999,999,999,999,999,999,999,999,999,999,999,999,999,999,239,266,999,371,999,999,999,999,190,307,999,999,354,999,999,999,242,999,999,999,999,483,999,999,999,999,999,999,999,999,999,999,392,999,140,999,999,160,197,999,334,999,999,999,999,999,462,999,999,999,999,999,999,999,999,999,999,999,204,999,999,999,999,999,999,999,999,999,999,999,999,209,999,999,999,999,87,999,999,999,376,999,999,999,999,999,204,999,999,999,999,103,999,999,525,118,237,999,999,929,155,264,510,433,496,1,1,1,205,144,385,84,128,417,1,1,1,1,1,1,112,226,522,1,1,1,1,1,1,1,1,1,341,223,349,1,1,1,1,1,1
bone cancer,1,1,1,1,1,1,1,1,1,1,1,1,1,1,1,1,1,1,1,1,1,1,1,1,1,1,1,1,1,1,1,1,1,1,1,1,1,1,1,1,1,1,1,1,1,1,1,1,1,1,1,1,1,1,1,1,1,1,1,1,1,1,1,1,1,1,1,1,1,1,1,1,1,1,686,682,566,1,1,1,1,802,1,1,1,1,1,1,1,1,1,1,1,1,1,1,1,1,1,1,1,1,1,1,1,1,1,1,1,1,1,1,1,1,1,1,718,1,1,1,1,1,1,1,1,1,1,1,1,1,1,1,1,1,736,1,1,1,1,455,1,1,1,1,1,1,1,1,1,1,1,1,1,1,1,1,1,1,1,1,1,1,1,1,1,1,1,1,1,1,1,999,999,999,999,999,999,999,999,999,999,999,999,999,999,999,999,999,999,999,999,999,999,999,999,999,999,999,999,999,999,999,999,999,999,999,999,999,999,999,999,999,999,999,999,999,999,999,999,999,999,999,999,999,999,999,999,999,999,999,999,999,999,999,999,999,999,999,999,999,999,999,999,999,999,314,318,434,999,999,999,999,198,999,999,999,999,999,999,999,999,999,999,999,999,999,999,999,999,999,999,999,999,999,999,999,999,999,999,999,999,999,999,999,999,999,999,282,999,999,999,999,999,999,999,999,999,999,999,999,999,999,999,999,999,264,999,999,999,999,545,999,999,999,999,999,999,999,999,999,999,999,999,999,999,999,999,999,999,999,999,999,999,999,999,999,999,999,999,999,999,999,871,155,223,493,384,487,1,1,1,1,1,1,191,170,321,1,1,1,1,1,1,1,1,1,1,1,1,1,1,1,1,1,1,1,1,1,1,1,1,1,1,1
brain aneurysm,1,1,1,1,1,1,1,1,1,728,1,1,617,1,1,1,1,1,1,1,1,708,1,1,1,1,1,1,1,1,1,603,1,636,1,1,1,1,1,482,1,1,662,1,926,1,1,1,481,1,1,1,732,1,1,645,1,1,1,1,1,572,1,1,1,1,1,1,901,1,782,1,774,1,654,865,800,1,891,1,878,759,1,766,1,1,1,1,933,697,734,821,1,1,516,892,911,1,1,496,1,1,1,1,1,1,1,1,1,1,1,1,829,852,1,1,1,1,583,1,1,1,867,1,608,563,1,1,1,741,1,1,1,1,1,1,1,1,1,1,1,1,1,1,486,1,1,1,1,1,749,657,1,623,1,1,479,1,589,1,736,1,1,1,1,1,1,1,1,1,1,999,999,999,999,999,999,999,999,999,272,999,999,383,999,999,999,999,999,999,999,999,292,999,999,999,999,999,999,999,999,999,397,999,364,999,999,999,999,999,518,999,999,338,999,74,999,999,999,519,999,999,999,268,999,999,355,999,999,999,999,999,428,999,999,999,999,999,999,99,999,218,999,226,999,346,135,200,999,109,999,122,241,999,234,999,999,999,999,67,303,266,179,999,999,484,108,89,999,999,504,999,999,999,999,999,999,999,999,999,999,999,999,171,148,999,999,999,999,417,999,999,999,133,999,392,437,999,999,999,259,999,999,999,999,999,999,999,999,999,999,999,999,999,999,514,999,999,999,999,999,251,343,999,377,999,999,521,999,411,999,264,999,999,999,999,999,999,999,999,999,999,944,172,277,495,372,572,197,92,314,1,1,1,305,201,359,1,1,1,1,1,1,1,1,1,1,1,1,1,1,1,1,1,1,1,1,1,1,1,1,90,81,308
brain tumor,455,1,467,1,1,1,1,711,1,1,684,1,611,405,1,1,1,1,1,1,1,1,1,1,1,583,1,1,1,1,1,1,1,1,1,1,1,1,1,1,1,1,1,1,1,1,1,1,1,1,1,1,1,1,1,1,739,1,1,1,1,1,1,1,573,411,1,1,1,1,742,1,679,1,542,1,1,1,1,1,403,1,1,515,588,1,1,523,1,420,1,724,1,1,528,1,1,1,1,1,1,1,1,1,1,1,1,1,1,1,1,1,1,1,696,1,1,1,669,1,1,1,1,1,440,1,1,1,1,1,1,1,1,1,1,1,1,1,1,1,1,1,1,1,1,1,1,1,1,1,527,786,1,1,706,1,658,1,1,635,1,1,1,646,1,606,1,727,1,491,1,545,999,533,999,999,999,999,289,999,999,316,999,389,595,999,999,999,999,999,999,999,999,999,999,999,417,999,999,999,999,999,999,999,999,999,999,999,999,999,999,999,999,999,999,999,999,999,999,999,999,999,999,999,999,999,999,261,999,999,999,999,999,999,999,427,589,999,999,999,999,258,999,321,999,458,999,999,999,999,999,597,999,999,485,412,999,999,477,999,580,999,276,999,999,472,999,999,999,999,999,999,999,999,999,999,999,999,999,999,999,999,999,999,999,304,999,999,999,331,999,999,999,999,999,560,999,999,999,999,999,999,999,999,999,999,999,999,999,999,999,999,999,999,999,999,999,999,999,999,999,473,214,999,999,294,999,342,999,999,365,999,999,999,354,999,394,999,273,999,509,999,789,124,103,562,360,429,1,1,1,1,1,1,1,1,1,1,1,1,1,1,1,1,1,1,1,1,1,1,1,1,1,1,1,1,1,1,1,1,1,150,191,317
chronic bronchitis,1,614,671,1,1,1,1,1,1,631,1,471,1,1,544,444,692,607,1,761,1,1,542,628,411,1,1,482,555,434,1,582,710,719,669,1,685,1,470,1,676,678,1,648,578,1,1,425,696,1,705,429,1,1,539,457,1,716,746,401,656,1,523,399,1,1,515,1,540,561,528,451,676,1,460,746,767,452,1,715,505,678,486,462,1,546,613,1,751,642,428,1,425,619,1,1,612,1,677,450,549,504,1,1,1,549,1,548,575,1,1,1,420,680,545,681,475,1,607,1,670,1,675,618,1,584,619,464,1,397,721,750,726,566,1,1,1,735,541,688,1,1,1,483,673,432,399,1,486,742,579,1,1,565,1,1,738,462,683,1,435,728,391,567,1,421,1,1,767,1,1,999,386,329,999,999,999,999,999,999,369,999,529,999,999,456,556,308,393,999,239,999,999,458,372,589,999,999,518,445,566,999,418,290,281,331,999,315,999,530,999,324,322,999,352,422,999,999,575,304,999,295,571,999,999,461,543,999,284,254,599,344,999,477,601,999,999,485,999,460,439,472,549,324,999,540,254,233,548,999,285,495,322,514,538,999,454,387,999,249,358,572,999,575,381,999,999,388,999,323,550,451,496,999,999,999,451,999,452,425,999,999,999,580,320,455,319,525,999,393,999,330,999,325,382,999,416,381,536,999,603,279,250,274,434,999,999,999,265,459,312,999,999,999,517,327,568,601,999,514,258,421,999,999,435,999,999,262,538,317,999,565,272,609,433,999,579,999,999,233,999,999,776,132,168,476,308,468,196,59,327,1,1,1,192,193,361,94,202,381,1,1,1,1,1,1,105,138,332,97,118,217,1,1,1,135,80,271,158,147,437,232,99,407
bunions,1,1,1,1,1,1,1,1,1,1,1,1,1,1,1,1,1,1,1,1,1,1,1,1,454,1,1,1,1,1,1,1,1,1,1,1,1,1,1,1,1,1,1,1,1,1,1,1,1,1,1,1,1,1,1,1,1,1,1,1,1,1,1,1,1,1,1,1,1,1,1,1,1,1,1,449,1,1,1,1,1,1,1,1,1,1,1,1,569,1,1,1,1,1,1,1,1,1,1,1,1,1,1,1,1,1,1,1,1,1,1,1,1,1,1,683,1,1,1,1,1,1,1,1,1,1,1,1,1,1,1,1,1,1,1,1,1,1,1,1,1,1,1,532,1,1,560,1,1,567,1,1,1,1,1,1,1,1,1,1,1,1,1,1,1,1,1,1,1,1,1,999,999,999,999,999,999,999,999,999,999,999,999,999,999,999,999,999,999,999,999,999,999,999,999,546,999,999,999,999,999,999,999,999,999,999,999,999,999,999,999,999,999,999,999,999,999,999,999,999,999,999,999,999,999,999,999,999,999,999,999,999,999,999,999,999,999,999,999,999,999,999,999,999,999,999,551,999,999,999,999,999,999,999,999,999,999,999,999,431,999,999,999,999,999,999,999,999,999,999,999,999,999,999,999,999,999,999,999,999,999,999,999,999,999,999,317,999,999,999,999,999,999,999,999,999,999,999,999,999,999,999,999,999,999,999,999,999,999,999,999,999,999,999,468,999,999,440,999,999,433,999,999,999,999,999,999,999,999,999,999,999,999,999,999,999,999,999,999,999,999,999,792,190,186,416,299,493,1,1,1,1,1,1,75,62,312,1,1,1,1,1,1,1,1,1,1,1,1,1,1,1,1,1,1,1,1,1,135,101,331,1,1,1
cervical cancer,1,1,590,1,822,1,1,1,789,1,1,1,1,1,1,1,1,1,1,1,1,1,1,1,1,1,1,1,1,1,1,1,1,1,1,1,1,1,1,1,1,1,1,1,1,1,1,1,1,1,1,1,1,1,1,1,1,1,1,1,1,1,1,1,1,1,1,1,1,1,1,1,1,760,890,681,555,1,1,1,541,1,521,1,1,1,1,1,531,1,1,1,1,1,1,1,1,1,1,1,1,1,1,1,678,1,713,1,1,1,713,1,1,1,1,1,1,1,1,1,1,1,1,1,1,1,1,1,1,1,1,1,1,1,1,1,1,1,1,1,1,1,1,500,1,1,1,1,1,1,487,1,658,1,1,1,1,783,1,1,1,1,1,1,1,1,1,1,1,1,1,999,999,410,999,178,999,999,999,211,999,999,999,999,999,999,999,999,999,999,999,999,999,999,999,999,999,999,999,999,999,999,999,999,999,999,999,999,999,999,999,999,999,999,999,999,999,999,999,999,999,999,999,999,999,999,999,999,999,999,999,999,999,999,999,999,999,999,999,999,999,999,999,999,240,110,319,445,999,999,999,459,999,479,999,999,999,999,999,469,999,999,999,999,999,999,999,999,999,999,999,999,999,999,999,322,999,287,999,999,999,287,999,999,999,999,999,999,999,999,999,999,999,999,999,999,999,999,999,999,999,999,999,999,999,999,999,999,999,999,999,999,999,999,500,999,999,999,999,999,999,513,999,342,999,999,999,999,217,999,999,999,999,999,999,999,999,999,999,999,999,999,921,213,112,596,434,487,1,1,1,120,163,477,69,156,456,1,1,1,1,1,1,169,135,409,1,1,1,1,1,1,1,1,1,1,1,1,1,1,1,1,1,1
cholera,1,1,1,1,1,1,1,1,1,1,1,1,1,1,1,1,1,1,1,1,1,1,1,1,1,1,1,1,1,1,1,1,1,1,1,1,1,1,1,1,1,1,1,1,1,1,1,1,1,1,1,1,1,1,1,1,1,1,1,1,1,1,1,1,1,1,1,1,1,1,1,1,1,1,1,1,1,1,1,1,1,1,708,1,1,1,1,1,1,1,1,1,1,1,1,1,382,1,1,1,1,1,1,1,1,1,1,1,1,1,1,1,1,1,1,1,1,1,1,1,1,1,1,1,1,1,1,1,1,1,1,1,1,1,1,1,1,1,1,1,1,1,1,1,1,1,465,1,1,1,409,1,1,1,1,1,1,1,1,1,1,1,1,1,1,1,1,1,1,1,1,999,999,999,999,999,999,999,999,999,999,999,999,999,999,999,999,999,999,999,999,999,999,999,999,999,999,999,999,999,999,999,999,999,999,999,999,999,999,999,999,999,999,999,999,999,999,999,999,999,999,999,999,999,999,999,999,999,999,999,999,999,999,999,999,999,999,999,999,999,999,999,999,999,999,999,999,999,999,999,999,999,999,292,999,999,999,999,999,999,999,999,999,999,999,999,999,618,999,999,999,999,999,999,999,999,999,999,999,999,999,999,999,999,999,999,999,999,999,999,999,999,999,999,999,999,999,999,999,999,999,999,999,999,999,999,999,999,999,999,999,999,999,999,999,999,999,535,999,999,999,591,999,999,999,999,999,999,999,999,999,999,999,999,999,999,999,999,999,999,999,999,730,214,156,360,392,338,1,1,1,1,1,1,1,1,1,1,1,1,1,1,1,1,1,1,1,1,1,1,1,1,1,1,1,1,1,1,1,1,1,1,1,1
cirrhosis,750,1,1,1,1,1,1,1,1,1,1,1,1,1,1,1,1,1,1,606,1,1,1,1,1,1,1,1,1,1,1,1,1,1,1,1,1,1,1,1,1,1,1,1,1,1,1,1,1,1,1,1,1,1,1,1,1,1,1,1,1,1,1,1,1,1,1,517,1,1,1,1,1,632,1,1,861,1,1,1,1,1,1,567,1,1,1,1,1,1,1,1,1,758,1,1,1,1,1,1,1,1,1,1,1,1,1,1,1,1,1,541,1,1,1,1,671,1,1,1,1,1,1,1,1,649,1,1,1,1,1,1,1,788,756,1,1,1,484,1,1,1,466,786,1,1,1,1,1,1,1,1,1,1,1,1,1,1,1,1,717,1,1,1,1,1,1,1,1,1,665,250,999,999,999,999,999,999,999,999,999,999,999,999,999,999,999,999,999,999,394,999,999,999,999,999,999,999,999,999,999,999,999,999,999,999,999,999,999,999,999,999,999,999,999,999,999,999,999,999,999,999,999,999,999,999,999,999,999,999,999,999,999,999,999,999,999,999,483,999,999,999,999,999,368,999,999,139,999,999,999,999,999,999,433,999,999,999,999,999,999,999,999,999,242,999,999,999,999,999,999,999,999,999,999,999,999,999,999,999,999,999,459,999,999,999,999,329,999,999,999,999,999,999,999,999,351,999,999,999,999,999,999,999,212,244,999,999,999,516,999,999,999,534,214,999,999,999,999,999,999,999,999,999,999,999,999,999,999,999,999,283,999,999,999,999,999,999,999,999,999,335,890,118,207,565,457,433,1,1,1,87,112,433,1,1,1,1,1,1,1,1,1,1,1,1,1,1,1,1,1,1,1,1,1,1,1,1,1,1,1,1,1,1
creutzfeldt-jakob disease,1,1,1,1,1,1,1,1,1,1,664,1,445,580,1,1,1,1,1,1,1,1,1,1,1,561,1,1,1,1,1,1,1,1,1,1,1,1,1,1,1,1,1,1,1,1,1,1,1,1,1,1,1,1,1,1,1,1,1,1,1,1,1,1,684,1,1,1,1,1,1,1,1,1,1,1,1,1,1,1,1,1,1,1,1,1,1,1,1,1,1,1,1,1,1,1,1,1,1,1,1,1,1,1,1,1,1,1,1,1,1,1,1,1,1,1,1,1,1,1,1,1,1,1,1,1,1,1,1,1,1,1,1,1,1,1,1,1,1,1,1,1,1,1,1,1,1,1,1,1,1,1,1,1,1,1,1,1,1,625,1,1,1,469,1,1,1,1,1,1,1,999,999,999,999,999,999,999,999,999,999,336,999,555,420,999,999,999,999,999,999,999,999,999,999,999,439,999,999,999,999,999,999,999,999,999,999,999,999,999,999,999,999,999,999,999,999,999,999,999,999,999,999,999,999,999,999,999,999,999,999,999,999,999,999,316,999,999,999,999,999,999,999,999,999,999,999,999,999,999,999,999,999,999,999,999,999,999,999,999,999,999,999,999,999,999,999,999,999,999,999,999,999,999,999,999,999,999,999,999,999,999,999,999,999,999,999,999,999,999,999,999,999,999,999,999,999,999,999,999,999,999,999,999,999,999,999,999,999,999,999,999,999,999,999,999,999,999,999,999,999,999,999,999,999,999,999,999,999,999,375,999,999,999,531,999,999,999,999,999,999,999,804,215,82,507,393,411,1,1,1,1,1,1,1,1,1,1,1,1,1,1,1,1,1,1,1,1,1,1,1,1,1,1,1,1,1,1,1,1,1,1,1,1
dengue fever,1,1,1,1,1,1,1,1,1,1,1,1,1,1,1,1,1,1,1,1,1,1,1,1,1,1,1,1,1,1,1,1,1,1,1,1,1,1,1,1,1,1,1,1,1,1,1,1,1,1,1,1,1,1,1,1,1,1,1,1,1,1,1,1,1,1,1,1,1,1,1,1,1,1,432,497,656,1,1,1,1,673,1,1,1,1,1,1,1,1,1,1,1,1,1,1,1,1,1,556,1,1,1,1,1,1,1,1,1,1,1,637,1,1,1,1,1,405,1,1,1,1,375,1,1,1,1,1,1,1,1,1,1,1,1,1,1,1,1,1,1,1,1,1,1,1,1,710,1,450,675,1,1,1,1,1,492,1,1,1,1,1,1,1,1,1,1,1,1,1,1,999,999,999,999,999,999,999,999,999,999,999,999,999,999,999,999,999,999,999,999,999,999,999,999,999,999,999,999,999,999,999,999,999,999,999,999,999,999,999,999,999,999,999,999,999,999,999,999,999,999,999,999,999,999,999,999,999,999,999,999,999,999,999,999,999,999,999,999,999,999,999,999,999,999,568,503,344,999,999,999,999,327,999,999,999,999,999,999,999,999,999,999,999,999,999,999,999,999,999,444,999,999,999,999,999,999,999,999,999,999,999,363,999,999,999,999,999,595,999,999,999,999,625,999,999,999,999,999,999,999,999,999,999,999,999,999,999,999,999,999,999,999,999,999,999,999,999,290,999,550,325,999,999,999,999,999,508,999,999,999,999,999,999,999,999,999,999,999,999,999,999,733,179,214,340,362,371,1,1,1,1,1,1,176,91,230,1,1,1,1,1,1,1,1,1,1,1,1,1,1,1,157,127,426,1,1,1,53,79,318,79,139,274
diabetes,1,1,1,1,1,1,1,1,1,1,1,1,1,1,1,1,1,1,1,1,1,1,1,1,1,817,1,1,1,1,1,1,1,1,1,543,1,1,1,1,1,1,1,1,1,1,1,1,1,1,1,1,1,1,1,1,626,1,1,1,1,1,1,1,1,1,1,1,1,1,1,540,1,1,530,1,1,1,1,924,1,1,479,1,507,763,1,1,1,1,1,1,1,1,1,1,868,701,1,1,887,1,828,1,1,1,1,1,1,894,1,1,1,1,1,528,1,1,682,1,1,699,752,1,1,1,1,927,1,1,1,1,814,1,1,1,1,547,1,760,1,1,1,1,1,746,1,1,1,1,890,1,1,1,1,1,1,1,1,1,1,1,1,1,1,1,1,1,763,1,695,999,999,999,999,999,999,999,999,999,999,999,999,999,999,999,999,999,999,999,999,999,999,999,999,999,183,999,999,999,999,999,999,999,999,999,457,999,999,999,999,999,999,999,999,999,999,999,999,999,999,999,999,999,999,999,999,374,999,999,999,999,999,999,999,999,999,999,999,999,999,999,460,999,999,470,999,999,999,999,76,999,999,521,999,493,237,999,999,999,999,999,999,999,999,999,999,132,299,999,999,113,999,172,999,999,999,999,999,999,106,999,999,999,999,999,472,999,999,318,999,999,301,248,999,999,999,999,73,999,999,999,999,186,999,999,999,999,453,999,240,999,999,999,999,999,254,999,999,999,999,110,999,999,999,999,999,999,999,999,999,999,999,999,999,999,999,999,999,237,999,305,931,261,168,502,428,503,1,1,1,1,1,1,1,1,1,1,1,1,290,95,443,1,1,1,1,1,1,128,119,499,1,1,1,1,1,1,1,1,1,1,1,1
diverticulosis,653,1,1,1,698,1,1,1,1,1,1,1,1,1,1,1,1,1,1,1,1,1,1,1,1,1,1,1,1,1,1,1,1,1,1,1,1,1,1,1,1,1,1,1,1,1,1,1,1,1,1,1,1,1,1,1,1,1,1,1,1,1,1,1,1,1,1,1,1,1,1,731,1,639,653,529,631,1,1,1,1,1,530,470,1,1,1,1,625,1,1,1,1,1,1,1,1,1,1,1,1,1,1,1,1,1,1,1,1,1,1,1,1,1,1,1,1,1,1,1,1,1,1,1,1,1,1,1,1,1,1,1,1,1,1,1,1,1,1,1,1,1,1,1,1,1,536,1,1,1,755,1,1,1,1,1,1,1,1,1,1,1,1,1,1,1,1,1,1,1,1,347,999,999,999,302,999,999,999,999,999,999,999,999,999,999,999,999,999,999,999,999,999,999,999,999,999,999,999,999,999,999,999,999,999,999,999,999,999,999,999,999,999,999,999,999,999,999,999,999,999,999,999,999,999,999,999,999,999,999,999,999,999,999,999,999,999,999,999,999,999,999,269,999,361,347,471,369,999,999,999,999,999,470,530,999,999,999,999,375,999,999,999,999,999,999,999,999,999,999,999,999,999,999,999,999,999,999,999,999,999,999,999,999,999,999,999,999,999,999,999,999,999,999,999,999,999,999,999,999,999,999,999,999,999,999,999,999,999,999,999,999,999,999,999,999,999,464,999,999,999,245,999,999,999,999,999,999,999,999,999,999,999,999,999,999,999,999,999,999,999,999,790,136,129,525,467,323,1,1,1,99,107,433,190,137,202,1,1,1,1,1,1,1,1,1,1,1,1,1,1,1,1,1,1,1,1,1,1,1,1,1,1,1
ebola,1,1,1,1,1,1,1,1,1,1,1,1,1,1,1,1,1,1,1,1,1,1,1,1,1,1,1,1,1,1,1,1,1,1,1,1,1,1,1,1,1,1,1,1,1,1,1,1,1,1,1,1,1,1,1,1,1,1,1,1,1,1,1,1,1,1,1,1,1,705,1,1,1,767,1,1,1,1,1,1,1,606,664,1,1,1,1,1,1,1,1,1,1,1,1,1,1,1,1,415,1,1,1,1,1,1,1,1,1,1,1,1,1,1,1,1,1,1,1,1,1,1,1,1,1,1,1,1,1,1,1,1,1,1,1,1,1,1,1,1,1,1,1,1,1,1,1,1,1,756,525,1,1,1,1,1,507,1,1,1,1,1,1,760,1,1,1,1,1,1,1,999,999,999,999,999,999,999,999,999,999,999,999,999,999,999,999,999,999,999,999,999,999,999,999,999,999,999,999,999,999,999,999,999,999,999,999,999,999,999,999,999,999,999,999,999,999,999,999,999,999,999,999,999,999,999,999,999,999,999,999,999,999,999,999,999,999,999,999,999,295,999,999,999,233,999,999,999,999,999,999,999,394,336,999,999,999,999,999,999,999,999,999,999,999,999,999,999,999,999,585,999,999,999,999,999,999,999,999,999,999,999,999,999,999,999,999,999,999,999,999,999,999,999,999,999,999,999,999,999,999,999,999,999,999,999,999,999,999,999,999,999,999,999,999,999,999,999,999,999,244,475,999,999,999,999,999,493,999,999,999,999,999,999,240,999,999,999,999,999,999,999,778,193,124,461,455,323,1,1,1,255,147,365,1,1,1,1,1,1,1,1,1,1,1,1,1,1,1,1,1,1,1,1,1,1,1,1,140,96,520,191,113,203
epilepsy,1,1,486,1,1,1,629,725,536,1,1,1,1,1,1,1,1,1,1,1,1,1,1,1,1,1,1,1,1,1,1,1,1,1,1,1,1,1,1,1,1,1,1,1,1,1,1,1,1,1,1,1,1,1,1,1,1,1,1,1,1,1,1,1,1,1,1,1,1,1,701,1,1,519,1,1,1,1,484,1,1,1,1,503,684,1,1,1,1,1,1,646,1,1,1,1,1,1,1,1,437,612,1,1,604,1,1,1,1,1,1,1,1,1,1,1,1,1,1,1,1,1,1,1,1,1,1,1,1,1,1,1,1,1,1,1,1,1,1,1,417,588,416,1,1,1,1,1,1,1,1,1,1,1,1,1,415,1,1,1,1,1,1,382,1,394,1,1,1,561,1,999,999,514,999,999,999,371,275,464,999,999,999,999,999,999,999,999,999,999,999,999,999,999,999,999,999,999,999,999,999,999,999,999,999,999,999,999,999,999,999,999,999,999,999,999,999,999,999,999,999,999,999,999,999,999,999,999,999,999,999,999,999,999,999,999,999,999,999,999,999,299,999,999,481,999,999,999,999,516,999,999,999,999,497,316,999,999,999,999,999,999,354,999,999,999,999,999,999,999,999,563,388,999,999,396,999,999,999,999,999,999,999,999,999,999,999,999,999,999,999,999,999,999,999,999,999,999,999,999,999,999,999,999,999,999,999,999,999,999,999,583,412,584,999,999,999,999,999,999,999,999,999,999,999,999,999,585,999,999,999,999,999,999,618,999,606,999,999,999,439,999,735,74,78,583,454,281,1,1,1,204,67,248,1,1,1,1,1,1,1,1,1,1,1,1,1,1,1,1,1,1,1,1,1,1,1,1,1,1,1,61,105,249
erectile dysfunction,1,1,1,1,1,1,1,1,1,1,1,1,1,1,1,1,1,1,1,1,559,1,1,1,402,1,1,1,1,1,1,1,1,1,1,463,1,1,1,1,1,1,1,1,1,1,1,1,1,1,1,540,1,1,1,1,1,1,1,1,1,1,1,1,1,1,1,1,1,1,1,1,591,1,1,592,1,1,1,1,1,1,1,473,1,1,1,1,1,1,1,1,1,1,1,1,1,1,1,1,1,1,1,1,1,1,1,1,1,1,1,1,1,1,1,1,1,1,598,1,1,1,1,1,1,1,1,1,757,1,1,1,1,1,1,671,1,1,1,1,1,1,1,1,1,1,553,1,513,1,1,1,399,1,1,1,1,1,1,1,1,1,1,1,1,1,1,1,1,1,1,999,999,999,999,999,999,999,999,999,999,999,999,999,999,999,999,999,999,999,999,441,999,999,999,598,999,999,999,999,999,999,999,999,999,999,537,999,999,999,999,999,999,999,999,999,999,999,999,999,999,999,460,999,999,999,999,999,999,999,999,999,999,999,999,999,999,999,999,999,999,999,999,409,999,999,408,999,999,999,999,999,999,999,527,999,999,999,999,999,999,999,999,999,999,999,999,999,999,999,999,999,999,999,999,999,999,999,999,999,999,999,999,999,999,999,999,999,999,402,999,999,999,999,999,999,999,999,999,243,999,999,999,999,999,999,329,999,999,999,999,999,999,999,999,999,999,447,999,487,999,999,999,601,999,999,999,999,999,999,999,999,999,999,999,999,999,999,999,999,999,999,795,201,217,377,372,423,1,1,1,1,1,1,138,149,305,1,1,1,1,1,1,1,1,1,1,1,1,1,1,1,1,1,1,152,54,307,1,1,1,1,1,1
herpes simplex infections,1,1,1,1,1,1,1,1,1,761,1,1,1,1,1,1,1,545,1,1,771,1,1,1,1,1,1,1,1,1,1,1,875,1,1,1,1,1,1,1,1,1,1,755,1,510,1,515,1,1,1,748,1,1,1,722,1,1,817,1,1,1,843,1,1,1,869,1,1,1,1,1,1,1,1,577,1,1,1,1,1,1,1,1,1,1,1,1,618,1,1,1,1,1,1,1,526,1,1,1,1,1,1,1,1,1,1,1,1,1,1,1,536,1,1,1,1,1,1,1,1,1,567,1,1,1,1,1,1,1,1,1,1,1,1,1,1,1,1,1,1,1,1,1,1,1,1,1,1,1,1,1,1,1,1,770,1,596,1,1,1,586,831,1,1,1,1,1,1,1,1,999,999,999,999,999,999,999,999,999,239,999,999,999,999,999,999,999,455,999,999,229,999,999,999,999,999,999,999,999,999,999,999,125,999,999,999,999,999,999,999,999,999,999,245,999,490,999,485,999,999,999,252,999,999,999,278,999,999,183,999,999,999,157,999,999,999,131,999,999,999,999,999,999,999,999,423,999,999,999,999,999,999,999,999,999,999,999,999,382,999,999,999,999,999,999,999,474,999,999,999,999,999,999,999,999,999,999,999,999,999,999,999,464,999,999,999,999,999,999,999,999,999,433,999,999,999,999,999,999,999,999,999,999,999,999,999,999,999,999,999,999,999,999,999,999,999,999,999,999,999,999,999,999,999,999,230,999,404,999,999,999,414,169,999,999,999,999,999,999,999,999,897,218,130,549,530,367,1,1,1,1,1,1,222,143,212,1,1,1,1,1,1,1,1,1,1,1,1,1,1,1,1,1,1,1,1,1,1,1,1,1,1,1
hiv/aids,701,475,496,1,1,1,1,517,520,1,1,1,1,1,1,1,1,1,1,1,1,1,1,1,1,1,1,1,1,1,1,1,1,1,1,1,1,1,1,1,1,1,1,1,1,1,1,1,1,1,1,1,1,1,1,1,1,1,1,1,1,1,1,1,1,1,1,1,1,1,1,680,1,591,733,1,520,1,1,1,471,662,415,1,1,732,1,1,1,1,1,557,525,1,1,1,1,1,1,402,1,1,598,1,539,1,1,1,1,1,1,1,1,1,1,1,1,1,1,1,1,1,1,1,1,1,1,1,1,1,1,1,1,1,1,1,1,1,1,1,1,1,624,1,638,1,1,1,1,1,410,1,1,1,1,1,1,1,1,1,1,1,454,774,1,693,1,1,1,1,1,299,525,504,999,999,999,999,483,480,999,999,999,999,999,999,999,999,999,999,999,999,999,999,999,999,999,999,999,999,999,999,999,999,999,999,999,999,999,999,999,999,999,999,999,999,999,999,999,999,999,999,999,999,999,999,999,999,999,999,999,999,999,999,999,999,999,999,999,999,999,999,320,999,409,267,999,480,999,999,999,529,338,585,999,999,268,999,999,999,999,999,443,475,999,999,999,999,999,999,598,999,999,402,999,461,999,999,999,999,999,999,999,999,999,999,999,999,999,999,999,999,999,999,999,999,999,999,999,999,999,999,999,999,999,999,999,999,999,999,999,999,999,376,999,362,999,999,999,999,999,590,999,999,999,999,999,999,999,999,999,999,999,546,226,999,307,999,999,999,999,999,788,107,113,568,348,440,1,1,1,183,106,302,1,1,1,1,1,1,98,165,335,1,1,1,1,1,1,1,1,1,1,1,1,1,1,1,1,1,1,1,1,1
inflammatory breast cancer,1,1,1,1,1,1,1,1,1,1,1,1,1,1,1,1,1,1,1,1,1,1,1,1,1,1,1,1,1,1,1,1,1,1,1,1,1,1,1,1,1,1,1,1,1,1,1,1,1,1,1,1,1,1,1,1,1,1,1,1,1,1,1,1,1,1,1,1,1,1,1,1,1,1,1,1,1,1,1,1,1,1,1,1,1,1,1,1,1,1,1,1,1,1,1,1,1,1,1,1,1,1,1,1,1,1,1,1,1,1,1,1,1,1,1,1,1,539,1,1,1,1,1,1,1,1,1,1,1,1,1,1,1,1,1,1,1,1,1,1,1,1,1,1,1,1,1,1,1,1,1,1,1,1,1,1,1,1,1,1,1,1,1,1,1,1,1,1,1,1,1,999,999,999,999,999,999,999,999,999,999,999,999,999,999,999,999,999,999,999,999,999,999,999,999,999,999,999,999,999,999,999,999,999,999,999,999,999,999,999,999,999,999,999,999,999,999,999,999,999,999,999,999,999,999,999,999,999,999,999,999,999,999,999,999,999,999,999,999,999,999,999,999,999,999,999,999,999,999,999,999,999,999,999,999,999,999,999,999,999,999,999,999,999,999,999,999,999,999,999,999,999,999,999,999,999,999,999,999,999,999,999,999,999,999,999,999,999,461,999,999,999,999,999,999,999,999,999,999,999,999,999,999,999,999,999,999,999,999,999,999,999,999,999,999,999,999,999,999,999,999,999,999,999,999,999,999,999,999,999,999,999,999,999,999,999,999,999,999,999,999,999,853,170,133,550,999,1,1,1,1,1,1,1,1,1,1,1,1,1,1,1,1,1,1,1,1,1,1,1,1,1,1,1,1,1,1,1,1,1,1,1,1,1
kawasaki disease,1,1,1,1,1,1,1,1,1,608,1,1,1,1,1,1,1,416,637,1,1,1,1,446,1,1,1,1,1,1,1,1,624,1,1,1,1,1,1,1,1,1,1,1,1,544,1,1,1,1,1,672,1,1,1,1,1,1,1,1,1,1,1,1,1,1,1,1,1,1,1,1,1,1,1,1,1,1,1,1,1,406,1,1,1,1,1,1,689,1,502,1,1,1,1,1,1,1,1,428,1,1,1,1,1,1,1,1,1,1,1,1,1,1,1,1,1,701,1,1,1,1,1,1,1,1,1,1,1,1,1,1,1,1,1,1,480,1,1,1,1,1,1,1,1,1,1,1,1,1,1,1,1,1,1,593,1,674,428,1,1,1,512,1,1,1,1,1,1,1,1,999,999,999,999,999,999,999,999,999,392,999,999,999,999,999,999,999,584,363,999,999,999,999,554,999,999,999,999,999,999,999,999,376,999,999,999,999,999,999,999,999,999,999,999,999,456,999,999,999,999,999,328,999,999,999,999,999,999,999,999,999,999,999,999,999,999,999,999,999,999,999,999,999,999,999,999,999,999,999,999,999,594,999,999,999,999,999,999,311,999,498,999,999,999,999,999,999,999,999,572,999,999,999,999,999,999,999,999,999,999,999,999,999,999,999,999,999,299,999,999,999,999,999,999,999,999,999,999,999,999,999,999,999,999,999,999,520,999,999,999,999,999,999,999,999,999,999,999,999,999,999,999,999,999,999,407,999,326,572,999,999,999,488,999,999,999,999,999,999,999,999,720,161,84,475,309,411,1,1,1,1,1,1,1,1,1,1,1,1,1,1,1,1,1,1,1,1,1,1,1,1,1,1,1,1,1,1,1,1,1,1,1,1
lung cancer,660,731,730,1,1,764,1,485,1,1,1,1,1,1,1,1,1,1,1,1,1,1,1,1,1,1,1,1,1,1,1,1,1,1,1,1,1,1,1,1,1,700,1,1,1,1,1,1,1,1,1,1,1,651,1,1,1,1,1,1,1,1,1,1,1,1,1,1,1,1,1,747,1,1,601,619,813,636,1,1,786,737,1,1,1,797,1,1,1,1,1,649,457,1,1,1,1,1,1,457,1,489,1,1,1,1,1,1,606,1,1,1,1,1,1,1,1,1,1,1,1,1,1,1,1,1,1,1,1,1,1,1,1,1,1,1,1,1,1,447,1,1,1,1,696,860,1,1,1,1,1,1,1,1,1,1,1,1,1,1,1,1,657,740,1,1,1,1,1,1,1,340,269,270,999,999,236,999,515,999,999,999,999,999,999,999,999,999,999,999,999,999,999,999,999,999,999,999,999,999,999,999,999,999,999,999,999,999,999,999,999,999,300,999,999,999,999,999,999,999,999,999,999,999,349,999,999,999,999,999,999,999,999,999,999,999,999,999,999,999,999,999,253,999,999,399,381,187,364,999,999,214,263,999,999,999,203,999,999,999,999,999,351,543,999,999,999,999,999,999,543,999,511,999,999,999,999,999,999,394,999,999,999,999,999,999,999,999,999,999,999,999,999,999,999,999,999,999,999,999,999,999,999,999,999,999,999,999,999,999,553,999,999,999,999,304,140,999,999,999,999,999,999,999,999,999,999,999,999,999,999,999,999,343,260,999,999,999,999,999,999,999,872,205,132,535,358,514,1,1,1,1,1,1,153,72,394,1,1,1,1,1,1,1,1,1,191,64,351,289,205,366,1,1,1,1,1,1,1,1,1,1,1,1
malaria,1,1,1,1,1,1,1,1,1,1,1,1,1,1,1,1,1,1,1,1,1,1,1,1,1,1,1,1,1,1,1,1,1,1,1,1,1,1,1,1,1,1,1,1,1,1,1,1,1,1,1,1,1,1,1,1,1,1,1,1,1,1,1,1,1,1,1,502,1,1,1,1,1,1,528,1,420,1,1,1,1,816,457,1,1,1,1,1,1,1,1,1,1,1,1,1,1,1,1,1,1,1,1,1,1,1,1,1,1,1,1,1,1,1,1,1,1,1,1,1,1,1,1,1,1,1,1,1,1,1,1,1,1,1,1,1,1,1,1,1,1,1,1,1,500,1,1,601,1,1,700,1,1,1,1,1,716,1,1,1,1,1,1,786,1,618,1,1,1,1,1,999,999,999,999,999,999,999,999,999,999,999,999,999,999,999,999,999,999,999,999,999,999,999,999,999,999,999,999,999,999,999,999,999,999,999,999,999,999,999,999,999,999,999,999,999,999,999,999,999,999,999,999,999,999,999,999,999,999,999,999,999,999,999,999,999,999,999,498,999,999,999,999,999,999,472,999,580,999,999,999,999,184,543,999,999,999,999,999,999,999,999,999,999,999,999,999,999,999,999,999,999,999,999,999,999,999,999,999,999,999,999,999,999,999,999,999,999,999,999,999,999,999,999,999,999,999,999,999,999,999,999,999,999,999,999,999,999,999,999,999,999,999,999,999,500,999,999,399,999,999,300,999,999,999,999,999,284,999,999,999,999,999,999,214,999,382,999,999,999,999,999,827,176,97,554,500,327,1,1,1,1,1,1,1,1,1,1,1,1,1,1,1,1,1,1,1,1,1,1,1,1,112,79,410,1,1,1,1,1,1,276,115,325
osteoarthritis,1,1,1,1,1,1,835,1,481,1,1,1,1,1,1,1,803,1,814,714,737,1,442,1,827,1,714,688,1,1,544,637,1,668,564,1,1,1,525,1,673,1,685,1,1,1,1,1,1,1,690,769,1,1,1,1,1,1,1,460,790,1,606,1,1,1,709,1,827,657,1,487,767,532,752,582,631,1,1,1,455,1,775,645,454,1,1,1,1,465,620,698,1,1,1,1,654,483,787,704,1,1,576,1,776,1,1,1,525,1,825,626,646,1,717,505,1,1,453,526,1,1,1,1,1,856,851,1,1,508,618,546,449,1,657,1,585,688,577,585,776,544,1,1,734,1,818,1,1,593,786,1,752,1,437,1,1,1,812,1,629,1,1,537,744,1,676,825,480,1,690,999,999,999,999,999,999,165,999,519,999,999,999,999,999,999,999,197,999,186,286,263,999,558,999,173,999,286,312,999,999,456,363,999,332,436,999,999,999,475,999,327,999,315,999,999,999,999,999,999,999,310,231,999,999,999,999,999,999,999,540,210,999,394,999,999,999,291,999,173,343,999,513,233,468,248,418,369,999,999,999,545,999,225,355,546,999,999,999,999,535,380,302,999,999,999,999,346,517,213,296,999,999,424,999,224,999,999,999,475,999,175,374,354,999,283,495,999,999,547,474,999,999,999,999,999,144,149,999,999,492,382,454,551,999,343,999,415,312,423,415,224,456,999,999,266,999,182,999,999,407,214,999,248,999,563,999,999,999,188,999,371,999,999,463,256,999,324,175,520,999,310,868,245,90,533,461,407,230,83,324,76,110,346,175,81,326,107,235,445,92,101,383,1,1,1,55,156,314,1,1,1,1,1,1,1,1,1,218,164,211,1,1,1
ovarian cancer,1,1,682,1,1,855,1,1,1,1,1,1,1,1,1,1,1,1,1,1,1,1,1,1,1,1,1,1,1,1,1,1,1,1,1,1,1,1,1,1,1,1,1,1,1,1,1,1,1,1,1,1,1,627,1,1,1,1,1,1,1,1,1,1,1,1,1,1,1,1,1,514,1,874,776,611,489,1,1,1,531,492,655,1,1,651,1,1,1,1,1,1,1,1,1,1,1,1,1,669,1,1,1,1,1,1,762,1,1,1,1,1,1,1,1,1,1,1,1,1,1,1,1,1,1,1,1,1,1,1,1,1,1,1,1,1,1,1,607,1,1,1,1,755,1,1,883,1,1,1,491,1,583,1,1,1,1,1,1,1,1,1,1,679,1,1,1,1,1,1,1,999,999,318,999,999,145,999,999,999,999,999,999,999,999,999,999,999,999,999,999,999,999,999,999,999,999,999,999,999,999,999,999,999,999,999,999,999,999,999,999,999,999,999,999,999,999,999,999,999,999,999,999,999,373,999,999,999,999,999,999,999,999,999,999,999,999,999,999,999,999,999,486,999,126,224,389,511,999,999,999,469,508,345,999,999,349,999,999,999,999,999,999,999,999,999,999,999,999,999,331,999,999,999,999,999,999,238,999,999,999,999,999,999,999,999,999,999,999,999,999,999,999,999,999,999,999,999,999,999,999,999,999,999,999,999,999,999,999,393,999,999,999,999,245,999,999,117,999,999,999,509,999,417,999,999,999,999,999,999,999,999,999,999,321,999,999,999,999,999,999,999,904,119,122,663,552,352,1,1,1,110,155,609,206,78,327,1,1,1,1,1,1,129,140,493,1,1,1,1,1,1,1,1,1,1,1,1,1,1,1,1,1,1
polymyalgia rheumatica,1,1,1,1,1,1,1,1,1,1,1,1,1,1,1,1,1,1,1,1,900,1,1,1,1,747,1,1,1,1,1,1,1,1,1,1,1,1,1,1,1,1,1,1,1,1,1,1,1,1,1,923,1,583,1,1,1,1,1,1,1,1,1,1,1,1,1,1,1,1,1,1,1,1,1,663,1,1,1,1,662,1,1,1,1,1,1,1,1,1,1,1,1,1,1,1,1,1,1,1,1,1,1,737,1,1,1,1,1,1,664,1,1,1,1,1,1,1,1,1,1,1,1,1,1,1,1,1,1,586,1,1,1,1,1,1,1,1,1,541,1,1,1,1,1,1,1,609,1,850,1,1,1,1,1,1,496,1,1,1,1,1,1,774,1,1,1,1,1,1,1,999,999,999,999,999,999,999,999,999,999,999,999,999,999,999,999,999,999,999,999,100,999,999,999,999,253,999,999,999,999,999,999,999,999,999,999,999,999,999,999,999,999,999,999,999,999,999,999,999,999,999,77,999,417,999,999,999,999,999,999,999,999,999,999,999,999,999,999,999,999,999,999,999,999,999,337,999,999,999,999,338,999,999,999,999,999,999,999,999,999,999,999,999,999,999,999,999,999,999,999,999,999,999,263,999,999,999,999,999,999,336,999,999,999,999,999,999,999,999,999,999,999,999,999,999,999,999,999,999,414,999,999,999,999,999,999,999,999,999,459,999,999,999,999,999,999,999,391,999,150,999,999,999,999,999,999,504,999,999,999,999,999,999,226,999,999,999,999,999,999,999,926,249,240,437,455,471,1,1,1,1,1,1,81,177,405,1,1,1,1,1,1,1,1,1,1,1,1,1,1,1,91,93,425,1,1,1,303,212,335,193,138,165
rheumatic fever,1,1,1,1,1,1,1,1,1,1,1,1,1,1,1,1,1,1,1,1,1,1,1,1,1,1,1,1,1,1,1,1,1,1,1,1,1,1,586,1,1,1,1,1,1,1,1,1,1,1,1,1,1,1,1,1,1,1,1,1,1,1,1,1,1,1,1,1,1,438,1,1,1,1,1,1,404,1,1,1,1,624,1,1,1,1,1,1,1,1,1,1,1,1,1,1,1,1,525,789,1,1,1,1,1,1,1,1,1,1,1,1,1,1,1,777,1,1,1,1,1,1,1,1,1,1,784,1,1,1,1,1,1,1,1,1,1,1,1,1,607,1,1,1,1,1,1,1,1,636,1,1,1,1,1,1,1,1,1,1,462,1,1,1,1,1,1,1,1,1,1,999,999,999,999,999,999,999,999,999,999,999,999,999,999,999,999,999,999,999,999,999,999,999,999,999,999,999,999,999,999,999,999,999,999,999,999,999,999,414,999,999,999,999,999,999,999,999,999,999,999,999,999,999,999,999,999,999,999,999,999,999,999,999,999,999,999,999,999,999,562,999,999,999,999,999,999,596,999,999,999,999,376,999,999,999,999,999,999,999,999,999,999,999,999,999,999,999,999,475,211,999,999,999,999,999,999,999,999,999,999,999,999,999,999,999,223,999,999,999,999,999,999,999,999,999,999,216,999,999,999,999,999,999,999,999,999,999,999,999,999,393,999,999,999,999,999,999,999,999,364,999,999,999,999,999,999,999,999,999,999,538,999,999,999,999,999,999,999,999,999,999,800,234,162,404,344,456,1,1,1,1,1,1,1,1,1,80,62,383,1,1,1,1,1,1,1,1,1,1,1,1,1,1,1,1,1,1,64,187,385,1,1,1
stomach flu,1,744,537,464,1,457,1,1,1,1,1,1,1,1,1,1,1,1,1,1,1,1,1,1,1,1,1,1,1,1,1,1,1,1,1,1,1,1,1,1,1,1,1,1,1,1,1,1,1,1,1,1,1,1,1,1,1,1,1,1,1,1,1,1,1,1,1,1,1,1,1,628,1,754,522,524,715,1,1,1,450,724,727,727,1,1,1,1,1,1,1,1,1,1,1,1,1,1,1,1,1,554,1,399,612,1,1,1,1,1,1,1,1,1,1,1,1,1,1,1,1,1,1,1,1,1,1,1,1,1,1,1,1,1,1,1,1,1,1,1,1,1,1,1,1,1,581,436,1,1,608,1,1,1,1,1,555,1,1,1,1,1,1,763,1,1,1,1,1,1,1,999,256,463,536,999,543,999,999,999,999,999,999,999,999,999,999,999,999,999,999,999,999,999,999,999,999,999,999,999,999,999,999,999,999,999,999,999,999,999,999,999,999,999,999,999,999,999,999,999,999,999,999,999,999,999,999,999,999,999,999,999,999,999,999,999,999,999,999,999,999,999,372,999,246,478,476,285,999,999,999,550,276,273,273,999,999,999,999,999,999,999,999,999,999,999,999,999,999,999,999,999,446,999,601,388,999,999,999,999,999,999,999,999,999,999,999,999,999,999,999,999,999,999,999,999,999,999,999,999,999,999,999,999,999,999,999,999,999,999,999,999,999,999,999,999,999,419,564,999,999,392,999,999,999,999,999,445,999,999,999,999,999,999,237,999,999,999,999,999,999,999,773,202,204,367,302,471,1,1,1,231,177,346,133,137,254,1,1,1,1,1,1,1,1,1,1,1,1,1,1,1,94,115,227,1,1,1,1,1,1,121,115,319
swine flu,1,1,1,1,1,1,1,1,1,1,1,1,1,1,1,1,1,1,1,1,1,1,1,1,1,1,1,1,1,1,1,1,1,1,1,1,1,1,1,1,1,1,1,1,1,1,1,1,1,1,1,1,1,667,1,1,1,1,1,1,1,1,1,1,1,1,1,1,1,736,1,1,1,1,529,1,760,1,1,1,570,509,770,1,1,813,1,1,1,1,1,1,1,1,1,1,1,1,1,553,1,1,1,1,1,795,1,528,1,1,1,1,1,1,1,1,1,1,1,1,1,1,1,1,1,1,1,1,1,1,1,1,1,1,1,1,1,1,1,1,1,1,1,1,1,1,1,1,1,1,825,1,1,1,1,1,573,1,1,1,1,1,1,1,1,1,1,1,1,1,1,999,999,999,999,999,999,999,999,999,999,999,999,999,999,999,999,999,999,999,999,999,999,999,999,999,999,999,999,999,999,999,999,999,999,999,999,999,999,999,999,999,999,999,999,999,999,999,999,999,999,999,999,999,333,999,999,999,999,999,999,999,999,999,999,999,999,999,999,999,264,999,999,999,999,471,999,240,999,999,999,430,491,230,999,999,187,999,999,999,999,999,999,999,999,999,999,999,999,999,447,999,999,999,999,999,205,999,472,999,999,999,999,999,999,999,999,999,999,999,999,999,999,999,999,999,999,999,999,999,999,999,999,999,999,999,999,999,999,999,999,999,999,999,999,999,999,999,999,999,999,175,999,999,999,999,999,427,999,999,999,999,999,999,999,999,999,999,999,999,999,999,941,259,113,569,500,441,1,1,1,1,1,1,1,1,1,1,1,1,1,1,1,1,1,1,1,1,1,1,1,1,1,1,1,1,1,1,1,1,1,166,163,244
trichomoniasis,1,1,1,1,1,1,1,1,1,1,1,1,1,1,1,1,1,1,1,1,1,1,1,1,1,1,1,1,1,1,1,1,1,1,1,1,1,1,1,1,1,1,1,1,1,1,733,1,1,1,1,1,1,1,1,1,1,1,1,1,1,1,1,1,1,1,1,1,1,1,1,1,1,1,1,1,1,1,1,1,1,1,1,1,1,1,1,1,1,1,1,1,1,1,1,1,1,1,1,1,1,1,1,1,1,1,1,1,1,1,611,1,1,1,1,1,1,1,1,1,1,1,1,1,1,1,1,1,1,1,778,1,1,1,1,600,898,1,1,1,1,1,1,1,1,1,1,1,1,1,1,1,877,1,1,1,1,1,1,1,1,1,1,1,1,1,1,1,1,1,1,999,999,999,999,999,999,999,999,999,999,999,999,999,999,999,999,999,999,999,999,999,999,999,999,999,999,999,999,999,999,999,999,999,999,999,999,999,999,999,999,999,999,999,999,999,999,267,999,999,999,999,999,999,999,999,999,999,999,999,999,999,999,999,999,999,999,999,999,999,999,999,999,999,999,999,999,999,999,999,999,999,999,999,999,999,999,999,999,999,999,999,999,999,999,999,999,999,999,999,999,999,999,999,999,999,999,999,999,999,999,389,999,999,999,999,999,999,999,999,999,999,999,999,999,999,999,999,999,999,999,222,999,999,999,999,400,102,999,999,999,999,999,999,999,999,999,999,999,999,999,999,999,123,999,999,999,999,999,999,999,999,999,999,999,999,999,999,999,999,999,999,926,234,203,489,366,560,1,1,1,1,1,1,1,1,1,1,1,1,1,1,1,1,1,1,1,1,1,1,1,1,1,1,1,1,1,1,1,1,1,1,1,1
yellow fever,1,1,1,1,1,1,1,1,1,1,1,1,1,1,1,1,1,1,1,1,1,1,1,1,1,1,1,1,1,1,1,1,1,1,1,1,1,1,1,1,1,1,1,1,1,1,1,1,1,1,1,1,1,1,1,1,1,1,1,1,1,1,1,1,1,1,1,530,1,1,1,1,1,509,472,923,595,1,1,1,1,830,1,1,1,1,1,1,1,1,1,662,1,1,1,1,1,1,1,1,1,1,1,634,1,1,1,1,1,1,1,1,1,1,1,1,1,1,1,1,1,1,926,1,1,1,1,1,1,1,1,1,1,1,1,1,1,1,1,1,1,1,1,1,1,1,1,1,1,1,518,1,1,1,1,1,744,1,1,1,1,1,1,871,1,604,1,1,1,1,1,999,999,999,999,999,999,999,999,999,999,999,999,999,999,999,999,999,999,999,999,999,999,999,999,999,999,999,999,999,999,999,999,999,999,999,999,999,999,999,999,999,999,999,999,999,999,999,999,999,999,999,999,999,999,999,999,999,999,999,999,999,999,999,999,999,999,999,470,999,999,999,999,999,491,528,77,405,999,999,999,999,170,999,999,999,999,999,999,999,999,999,338,999,999,999,999,999,999,999,999,999,999,999,366,999,999,999,999,999,999,999,999,999,999,999,999,999,999,999,999,999,999,74,999,999,999,999,999,999,999,999,999,999,999,999,999,999,999,999,999,999,999,999,999,999,999,999,999,999,999,482,999,999,999,999,999,256,999,999,999,999,999,999,129,999,396,999,999,999,999,999,929,254,203,472,588,341,1,1,1,133,52,324,336,263,324,1,1,1,1,1,1,1,1,1,1,1,1,1,1,1,1,1,1,1,1,1,1,1,1,131,159,454
rosacea,1,1,1,1,1,1,1,1,1,1,1,1,1,1,1,1,1,1,1,1,1,1,1,1,1,1,1,1,1,1,1,1,1,1,1,1,1,1,1,1,1,1,1,1,1,1,1,1,1,626,1,1,1,1,599,1,1,1,1,1,1,1,1,1,1,1,1,1,1,1,1,1,1,1,1,498,499,1,1,1,1,1,1,1,1,1,1,1,762,1,1,1,1,1,1,531,1,1,1,457,1,1,1,1,1,1,1,1,1,1,1,1,1,795,1,1,1,1,1,1,1,1,1,1,1,1,1,1,1,1,1,1,1,559,1,1,540,1,1,1,1,1,1,1,1,1,1,1,1,1,1,1,1,584,1,1,1,567,1,1,1,1,1,1,1,1,1,1,1,1,1,999,999,999,999,999,999,999,999,999,999,999,999,999,999,999,999,999,999,999,999,999,999,999,999,999,999,999,999,999,999,999,999,999,999,999,999,999,999,999,999,999,999,999,999,999,999,999,999,999,374,999,999,999,999,401,999,999,999,999,999,999,999,999,999,999,999,999,999,999,999,999,999,999,999,999,502,501,999,999,999,999,999,999,999,999,999,999,999,238,999,999,999,999,999,999,469,999,999,999,543,999,999,999,999,999,999,999,999,999,999,999,999,999,205,999,999,999,999,999,999,999,999,999,999,999,999,999,999,999,999,999,999,999,441,999,999,460,999,999,999,999,999,999,999,999,999,999,999,999,999,999,999,999,416,999,999,999,433,999,999,999,999,999,999,999,999,999,999,999,999,999,821,196,226,399,403,418,1,1,1,1,1,1,184,87,227,1,1,1,1,1,1,1,1,1,1,1,1,1,1,1,1,1,1,1,1,1,1,1,1,1,1,1
vaginal cancer,1,1,1,1,1,1,1,1,1,1,1,1,1,1,1,1,1,1,1,1,1,1,1,1,1,1,1,1,1,1,1,1,1,1,1,1,1,1,1,1,1,1,1,1,1,1,662,1,1,1,1,1,1,1,1,1,1,1,1,1,1,1,1,1,1,1,1,1,1,1,1,618,1,1,1,1,1,1,1,1,1,1,1,1,1,1,1,1,1,1,1,1,1,1,1,1,1,1,1,1,1,1,1,1,1,1,1,1,1,1,485,1,1,1,1,1,1,1,1,1,1,1,1,1,1,1,1,1,1,1,1,1,1,1,1,1,1,1,1,1,1,1,1,588,1,1,1,1,1,1,1,1,764,1,1,1,1,1,1,1,1,1,1,1,1,1,1,1,1,1,1,999,999,999,999,999,999,999,999,999,999,999,999,999,999,999,999,999,999,999,999,999,999,999,999,999,999,999,999,999,999,999,999,999,999,999,999,999,999,999,999,999,999,999,999,999,999,338,999,999,999,999,999,999,999,999,999,999,999,999,999,999,999,999,999,999,999,999,999,999,999,999,382,999,999,999,999,999,999,999,999,999,999,999,999,999,999,999,999,999,999,999,999,999,999,999,999,999,999,999,999,999,999,999,999,999,999,999,999,999,999,515,999,999,999,999,999,999,999,999,999,999,999,999,999,999,999,999,999,999,999,999,999,999,999,999,999,999,999,999,999,999,999,999,412,999,999,999,999,999,999,999,999,236,999,999,999,999,999,999,999,999,999,999,999,999,999,999,999,999,999,999,866,103,93,670,504,362,1,1,1,1,1,1,1,1,1,1,1,1,1,1,1,1,1,1,1,1,1,1,1,1,1,1,1,1,1,1,1,1,1,1,1,1
hives,1,1,1,1,1,1,1,1,1,1,1,1,1,1,1,1,1,1,1,1,1,1,1,1,1,1,1,1,1,1,1,1,1,1,1,1,1,1,1,1,1,1,1,1,1,1,1,1,1,1,1,1,1,1,1,1,1,1,1,1,1,1,1,1,1,1,1,1,1,489,1,1,1,1,1,1,1,801,1,1,1,1,1,1,1,777,1,1,1,1,1,1,1,1,1,1,1,1,1,809,1,1,1,1,1,1,1,1,1,1,1,1,1,1,1,1,1,1,1,1,1,1,1,648,1,1,1,1,1,1,1,1,1,509,1,1,1,1,1,1,1,1,1,1,1,1,1,1,1,1,1,1,1,1,1,561,1,768,1,1,1,1,444,1,1,1,1,1,1,1,1,999,999,999,999,999,999,999,999,999,999,999,999,999,999,999,999,999,999,999,999,999,999,999,999,999,999,999,999,999,999,999,999,999,999,999,999,999,999,999,999,999,999,999,999,999,999,999,999,999,999,999,999,999,999,999,999,999,999,999,999,999,999,999,999,999,999,999,999,999,511,999,999,999,999,999,999,999,199,999,999,999,999,999,999,999,223,999,999,999,999,999,999,999,999,999,999,999,999,999,191,999,999,999,999,999,999,999,999,999,999,999,999,999,999,999,999,999,999,999,999,999,999,999,352,999,999,999,999,999,999,999,999,999,491,999,999,999,999,999,999,999,999,999,999,999,999,999,999,999,999,999,999,999,999,999,439,999,232,999,999,999,999,556,999,999,999,999,999,999,999,999,825,128,191,506,369,456,1,1,1,1,1,1,1,1,1,1,1,1,1,1,1,1,1,1,1,1,1,1,1,1,1,1,1,1,1,1,1,1,1,1,1,1
menopause,1,1,1,1,1,1,1,1,1,1,1,1,1,1,1,1,1,1,1,1,1,1,1,1,1,1,1,1,1,1,1,1,1,1,1,759,1,1,1,1,1,1,1,1,1,1,1,1,1,635,693,1,1,394,1,1,1,1,1,1,1,1,1,1,1,1,1,1,1,1,1,1,1,1,1,1,1,1,1,1,754,1,1,1,425,1,1,1,1,1,1,1,1,1,1,1,1,1,1,1,1,1,1,1,1,1,1,1,1,1,1,1,1,436,1,1,1,1,1,1,1,1,1,1,1,689,1,1,1,1,464,635,1,1,1,1,1,1,1,1,1,1,1,1,1,1,1,1,1,1,1,1,461,1,1,1,1,1,1,1,1,1,1,1,601,1,1,442,1,1,1,999,999,999,999,999,999,999,999,999,999,999,999,999,999,999,999,999,999,999,999,999,999,999,999,999,999,999,999,999,999,999,999,999,999,999,241,999,999,999,999,999,999,999,999,999,999,999,999,999,365,307,999,999,606,999,999,999,999,999,999,999,999,999,999,999,999,999,999,999,999,999,999,999,999,999,999,999,999,999,999,246,999,999,999,575,999,999,999,999,999,999,999,999,999,999,999,999,999,999,999,999,999,999,999,999,999,999,999,999,999,999,999,999,564,999,999,999,999,999,999,999,999,999,999,999,311,999,999,999,999,536,365,999,999,999,999,999,999,999,999,999,999,999,999,999,999,999,999,999,999,999,999,539,999,999,999,999,999,999,999,999,999,999,999,399,999,999,558,999,999,999,765,160,101,504,999,1,1,1,1,1,1,1,1,1,1,1,1,1,1,1,1,1,1,1,1,1,1,1,1,1,1,1,1,1,1,1,1,1,1,1,1,1
prostate cancer,1,1,863,1,903,1,608,1,1,1,1,1,1,1,1,1,1,1,1,579,1,1,1,1,1,1,1,1,1,1,1,1,1,1,1,1,1,1,1,1,1,1,1,1,1,1,530,1,1,1,1,1,1,1,1,1,1,1,1,1,1,1,1,1,1,1,1,1,1,1,1,742,628,575,1,494,683,1,1,1,565,827,1,1,843,1,1,1,646,1,1,1,1,1,1,1,1,1,1,1,1,1,1,1,859,1,1,1,1,730,1,1,1,1,1,1,1,1,708,1,1,1,1,1,1,1,1,1,692,1,1,1,1,1,1,820,1,1,1,1,1,1,1,1,1,1,1,1,897,1,1,1,562,1,1,1,1,1,1,1,1,1,1,519,1,1,1,1,1,1,1,999,999,137,999,97,999,392,999,999,999,999,999,999,999,999,999,999,999,999,421,999,999,999,999,999,999,999,999,999,999,999,999,999,999,999,999,999,999,999,999,999,999,999,999,999,999,470,999,999,999,999,999,999,999,999,999,999,999,999,999,999,999,999,999,999,999,999,999,999,999,999,258,372,425,999,506,317,999,999,999,435,173,999,999,157,999,999,999,354,999,999,999,999,999,999,999,999,999,999,999,999,999,999,999,141,999,999,999,999,270,999,999,999,999,999,999,999,999,292,999,999,999,999,999,999,999,999,999,308,999,999,999,999,999,999,180,999,999,999,999,999,999,999,999,999,999,999,999,103,999,999,999,438,999,999,999,999,999,999,999,999,999,999,481,999,999,999,999,999,999,999,909,231,253,425,1,999,1,1,1,192,149,234,165,95,234,1,1,1,1,1,1,1,1,1,1,1,1,1,1,1,1,1,1,347,257,293,1,1,1,1,1,1
scarlet fever,1,1,1,1,1,1,1,1,1,1,1,1,1,1,744,1,1,670,650,1,728,1,1,1,1,1,1,435,1,1,1,1,595,1,1,1,1,1,1,1,1,1,1,532,1,554,1,465,1,1,1,716,644,685,1,655,1,1,723,1,652,1,691,1,1,1,651,1,705,645,1,1,1,518,1,536,1,1,1,1,412,711,1,1,1,1,1,1,660,1,767,1,1,1,1,1,603,1,1,480,1,1,1,1,1,1,1,1,1,1,1,1,546,1,1,1,1,445,1,1,1,1,1,708,1,1,1,1,1,675,1,1,1,508,1,1,1,1,1,1,1,1,1,1,1,1,1,1,1,1,422,1,1,1,1,738,436,663,782,1,1,675,681,1,1,1,1,1,1,1,1,999,999,999,999,999,999,999,999,999,999,999,999,999,999,256,999,999,330,350,999,272,999,999,999,999,999,999,565,999,999,999,999,405,999,999,999,999,999,999,999,999,999,999,468,999,446,999,535,999,999,999,284,356,315,999,345,999,999,277,999,348,999,309,999,999,999,349,999,295,355,999,999,999,482,999,464,999,999,999,999,588,289,999,999,999,999,999,999,340,999,233,999,999,999,999,999,397,999,999,520,999,999,999,999,999,999,999,999,999,999,999,999,454,999,999,999,999,555,999,999,999,999,999,292,999,999,999,999,999,325,999,999,999,492,999,999,999,999,999,999,999,999,999,999,999,999,999,999,999,999,578,999,999,999,999,262,564,337,218,999,999,325,319,999,999,999,999,999,999,999,999,786,158,118,510,478,308,1,1,1,58,115,345,201,156,179,1,1,1,1,1,1,1,1,1,1,1,1,1,1,1,1,1,1,1,1,1,1,1,1,147,48,241
covid-19,1,1,1,1,1,1,1,1,1,1,1,1,1,1,1,1,1,1,1,1,1,1,1,1,1,1,1,1,1,1,1,1,1,1,1,1,1,1,1,1,1,1,1,1,1,1,1,1,1,1,1,1,1,1,1,1,486,1,1,1,1,1,1,777,1,1,1,1,1,491,1,1,1,1,1,1,506,1,1,1,1,594,1,1,1,596,1,1,1,1,1,1,1,1,1,1,1,1,1,1,1,1,1,1,1,1,1,1,1,1,1,1,1,1,1,1,1,1,1,1,1,1,1,1,1,1,1,1,1,1,1,1,1,1,1,1,1,1,1,1,1,1,1,1,732,1,1,657,1,1,1,1,1,1,1,1,847,1,1,1,1,1,1,1,1,1,1,1,1,1,1,999,999,999,999,999,999,999,999,999,999,999,999,999,999,999,999,999,999,999,999,999,999,999,999,999,999,999,999,999,999,999,999,999,999,999,999,999,999,999,999,999,999,999,999,999,999,999,999,999,999,999,999,999,999,999,999,514,999,999,999,999,999,999,223,999,999,999,999,999,509,999,999,999,999,999,999,494,999,999,999,999,406,999,999,999,404,999,999,999,999,999,999,999,999,999,999,999,999,999,999,999,999,999,999,999,999,999,999,999,999,999,999,999,999,999,999,999,999,999,999,999,999,999,999,999,999,999,999,999,999,999,999,999,999,999,999,999,999,999,999,999,999,999,999,268,999,999,343,999,999,999,999,999,999,999,999,153,999,999,999,999,999,999,999,999,999,999,999,999,999,999,875,93,247,535,517,358,1,1,1,1,1,1,1,1,1,1,1,1,1,1,1,1,1,1,1,1,1,1,1,1,160,91,406,1,1,1,1,1,1,333,155,359
Sum,4002,3210,7741,1608,2465,2118,2770,3103,4221,3618,1921,2651,2502,1506,1997,2159,2131,2855,2143,4072,3735,2100,1620,1826,3358,2749,1825,2380,1657,1876,2062,2796,2845,2065,1928,1807,2344,2036,1623,1917,2146,1887,2661,1977,2219,1650,1967,2033,2316,1824,3051,5494,1998,5171,2698,3038,2691,2263,2328,1795,2719,1938,3592,1698,2143,1654,3435,2131,3560,6518,4464,6977,6807,9074,12537,14383,13677,2476,2259,2253,12161,14896,10170,7607,4739,6440,2215,1925,9044,3922,4296,5977,2111,1936,1716,2164,5976,2370,2031,9013,3704,2890,2517,2851,5249,1985,3047,1986,1748,2506,4140,2576,4615,4357,3403,3874,4097,2131,7265,1919,2252,2291,4201,2547,2591,4923,2296,2371,2395,3844,4182,3146,2844,3610,2668,2665,2544,4397,2250,5976,2592,1980,2363,4473,7637,2969,6211,3053,2850,5172,12154,2310,5716,2328,1677,2703,9854,5849,5028,2158,3884,2031,4764,11945,2836,4439,1884,2917,4909,1963,2092,33853,34645,30114,36247,35390,35737,35085,34752,33634,34237,35934,35204,35353,36349,35858,35696,35724,35000,35712,33783,34120,35755,36235,36029,34497,35106,36030,35475,36198,35979,35793,35059,35010,35790,35927,36048,35511,35819,36232,35938,35709,35968,35194,35878,35636,36205,35888,35822,35539,36031,34804,32361,35857,32684,35157,34817,35164,35592,35527,36060,35136,35917,34263,36157,35712,36201,34420,35724,34295,31337,33391,30878,31048,28781,25318,23472,24178,35379,35596,35602,25694,22959,27685,30248,33116,31415,35640,35930,28811,33933,33559,31878,35744,35919,36139,35691,31879,35485,35824,28842,34151,34965,35338,35004,32606,35870,34808,35869,36107,35349,33715,35279,33240,33498,34452,33981,33758,35724,30590,35936,35603,35564,33654,35308,35264,32932,35559,35484,35460,34011,33673,34709,35011,34245,35187,35190,35311,33458,35605,31879,35263,35875,35492,33382,30218,34886,31644,34802,35005,32683,25701,35545,32139,35527,36178,35152,28001,32006,32827,35697,33971,35824,33091,25910,35019,33416,35971,34938,32946,35892,35763,37855,7981,7245,22629,19053,18802,1311,1135,3228,3162,3591,11457,8767,6855,13188,1004,943,2199,1010,992,3114,1293,1525,3358,947,910,1723,1656,1212,3152,1536,1395,3255,1450,1155,3177,2950,2097,5371,5082,3745,10939
